rise,down,freq,take_profit_long,take_profit_short,total_return,yearly_vol,maxdrawdown,sharpe,hold_time,strategy_pct
0.049999999999999954,-0.010000000000000005,720.0,1.0,0.0,1.0651464788080451,0.33977056505248504,0.025905278849712873,18.29756662356122,0.005987627043747238,0.4732824427480916
0.020000000000000014,-0.010000000000000007,720.0,1.0,0.0,0.9851664655982473,0.411382367395357,0.03548098085715972,3.4064340095519148,0.0074755381604696665,0.8015267175572519
0.029999999999999968,-0.010000000000000007,720.0,1.0,0.0,0.9470192935045096,0.3880779963222397,0.03249677199285962,6.3515140192944415,0.006910197869101981,0.6870229007633588
0.010000000000000007,-0.010000000000000007,720.0,1.0,0.0,0.933038820003923,0.427704042271804,0.037959476554802585,4.977162884777925,0.008002883922134102,0.8702290076335878
0.049999999999999996,-0.02000000000000001,720.0,1.0,0.0,0.8887898337223037,0.34941510994341735,0.02431005648328336,23.892427748930753,0.005508598076362576,0.3587786259541985
0.07000000000000006,-0.010000000000000007,60.0,1.0,0.0,0.8477908170201881,0.4980965700771735,0.06586073588209768,6.884843619365721,0.007715320421980792,0.6641221374045801
0.020000000000000014,-0.010000000000000007,240.0,1.0,0.0,0.7995833332716562,0.5419232681968038,0.06981526851676115,1.8301465881079795,0.010951479377807466,0.9389312977099237
0.04000000000000002,-0.010000000000000005,720.0,1.0,0.0,0.7803151939709476,0.3576207736416507,0.02885408379406183,8.013249415329216,0.006465753424657534,0.5725190839694656
0.060000000000000046,-0.010000000000000005,720.0,1.0,0.0,0.7457726358389827,0.33355772280604246,0.02484768649275894,18.694345102519886,0.005563321218898517,0.3740458015267175
0.050000000000000024,-0.03000000000000002,720.0,1.0,0.0,0.7077562002201353,0.35979353399593017,0.02516114982444701,24.69635801836854,0.00526315789473684,0.29007633587786263
0.010000000000000007,-0.010000000000000007,180.0,1.0,0.0,0.6544384481009465,0.5834067302827687,0.07985157370474742,0.10857989671666718,0.013091288527397264,0.9770992366412213
0.06000000000000004,-0.020000000000000007,720.0,1.0,0.0,0.634815825525322,0.3492455509467238,0.023321592122190683,26.02751690185054,0.005213089802130897,0.2748091603053435
0.05000000000000002,-0.06000000000000003,720.0,1.0,0.0,0.5824925105070575,0.35002152017847155,0.018416387670039117,38.65664369692803,0.003965392934390771,0.14503816793893132
0.04000000000000002,-0.02000000000000001,720.0,1.0,0.0,0.566552573769417,0.36323676260047083,0.027513569730851596,11.049860268946725,0.005981735159817353,0.4580152671755725
0.06000000000000002,-0.06000000000000002,720.0,1.0,0.0,0.5514172277890385,0.37124729868766004,0.010288889055185742,46.29266293353596,0.0034246575342465765,0.09160305343511455
0.06000000000000004,-0.03000000000000002,720.0,1.0,0.0,0.5446394841940523,0.36001261796366996,0.023669089589639796,25.70524463213275,0.005007085498346718,0.22137404580152675
0.020000000000000014,-0.020000000000000014,240.0,1.0,0.0,0.5322460021563298,0.49007217061286423,0.061351518183796416,-1.3873108478880902,0.009202669476642077,0.8931297709923665
0.03000000000000001,-0.02000000000000001,720.0,1.0,0.0,0.5319733020609317,0.39654212030918934,0.03194336370558659,6.327295178735412,0.00643074581430746,0.549618320610687
0.020000000000000014,-0.029999999999999954,240.0,1.0,0.0,0.521907443553224,0.49528892910582695,0.060456570322781886,-0.15435770780721364,0.008582611126642438,0.7480916030534351
0.050000000000000024,-0.040000000000000015,720.0,1.0,0.0,0.4979641112991109,0.35753967320372554,0.02570637234525448,27.334749730002635,0.005125939019001324,0.23664122137404575
0.010000000000000007,-0.04000000000000003,180.0,1.0,0.0,0.47353953081985917,0.5327354043532001,0.06667817299403993,-1.6947830746775698,0.008863602887023123,0.7099236641221374
0.07,-0.060000000000000005,720.0,1.0,0.0,0.473137245831538,0.3597558213617019,0.006932402568179537,49.922864098120016,0.0030441400304414006,0.06870229007633588
0.05000000000000001,-0.07000000000000003,720.0,1.0,0.0,0.46995306580572793,0.36794362901492106,0.019255754678808676,27.152772144583786,0.0038356164383561648,0.1145038167938931
0.030000000000000016,-0.08000000000000002,720.0,1.0,0.0,0.4674715642278105,0.4469054637381532,0.023898965457691643,10.817909537853204,0.00398505603985056,0.16793893129770987
0.07,-0.07,720.0,1.0,0.0,0.46685294742764577,0.4469363139567565,0.008913089016230833,47.56707925883393,0.0031311154598825833,0.05343511450381677
0.07,-0.08,720.0,1.0,0.0,0.46685294742764577,0.4469363139567565,0.008913089016230833,47.56707925883393,0.0031311154598825833,0.05343511450381677
0.05000000000000001,-0.05000000000000001,720.0,1.0,0.0,0.4526910155318321,0.36558109113736054,0.02199927018018558,33.0922156054909,0.004240052185257664,0.16030534351145043
0.06,-0.08,720.0,1.0,0.0,0.4388777830877088,0.41546414201059706,0.007798952889201979,28.540913391194472,0.0029109589041095892,0.06106870229007633
0.06,-0.07,720.0,1.0,0.0,0.4388777830877088,0.41546414201059706,0.007798952889201979,28.540913391194472,0.0029109589041095892,0.06106870229007633
0.06000000000000002,-0.05,720.0,1.0,0.0,0.43852070037982427,0.3882188899802752,0.01787170347192378,40.05395190122072,0.0035827186512118023,0.0992366412213741
0.010000000000000007,-0.010000000000000007,240.0,1.0,0.0,0.4298414434411806,0.5661057473271648,0.07686039443267378,-1.0266652009156925,0.012451012116636097,0.9694656488549618
0.06000000000000003,-0.040000000000000015,720.0,1.0,0.0,0.4016594020343538,0.3557127022003765,0.024513890435566302,29.145766518131406,0.004883859440142942,0.17557251908396942
0.05,-0.07999999999999999,720.0,1.0,0.0,0.3959139251910896,0.37491448925078824,0.021314910261601757,25.58966645208112,0.003793466807165437,0.0992366412213741
0.030000000000000023,-0.030000000000000023,720.0,1.0,0.0,0.3922324196237759,0.410121340067587,0.03195826682107238,6.554425518841783,0.006073059360730594,0.4580152671755725
0.010000000000000005,-0.08000000000000004,60.0,1.0,0.0,0.3868921461929742,0.639452407095259,0.08782791132857032,-26.491405508060794,0.008451796329800983,0.40458015267175573
0.07000000000000002,-0.049999999999999996,720.0,1.0,0.0,0.36024071842232386,0.38296803777469746,0.017125709958639608,41.449519639651804,0.0032876712328767125,0.07633587786259544
0.04000000000000002,-0.030000000000000023,720.0,1.0,0.0,0.3578178210774702,0.37968663522990515,0.02908529007434259,11.828574867022047,0.005703103159071847,0.3740458015267175
0.06999999999999999,-0.010000000000000005,720.0,1.0,0.0,0.35078263014931454,0.3270691318568832,0.0265178695224117,-0.8062166644269487,0.005338953284158765,0.2977099236641222
0.020000000000000014,-0.020000000000000014,720.0,1.0,0.0,0.3466191552460698,0.40716403194629397,0.03529863833214759,5.158795314525225,0.006881172347881493,0.6564885496183206
0.010000000000000005,-0.06999999999999997,180.0,1.0,0.0,0.3249417802156669,0.6063212652711287,0.07862829559052688,-4.271532478516113,0.008055390113162598,0.35114503816793896
0.010000000000000005,-0.049999999999999926,180.0,1.0,0.0,0.32204905014872565,0.5432161828217426,0.0698138120894646,3.231081364603987,0.008281444582814447,0.5877862595419847
0.010000000000000005,-0.06999999999999998,60.0,1.0,0.0,0.30849233382323227,0.6166484342940153,0.08599547962464071,-32.396340854029674,0.008483162100456618,0.4885496183206107
0.020000000000000014,-0.04000000000000003,180.0,1.0,0.0,0.30500286720479136,0.5148325468977933,0.06540064370061036,-2.865333939151871,0.00828533623910336,0.6717557251908397
0.020000000000000014,-0.010000000000000007,180.0,1.0,0.0,0.2917812503182238,0.554613798794922,0.07482559212066142,-1.3581649094974177,0.011509589041095895,0.9541984732824428
0.03000000000000002,-0.06000000000000004,720.0,1.0,0.0,0.2896113921034379,0.4172457345497201,0.02698989242301151,6.306043395424427,0.004673650282030621,0.2595419847328244
0.07000000000000005,-0.030000000000000016,720.0,1.0,0.0,0.2869381474157524,0.32704829702198973,0.024808864043932843,2.878866552470109,0.0045091324200913245,0.18320610687022898
0.029999999999999975,-0.029999999999999975,240.0,1.0,0.0,0.27672245351849145,0.49162043170702674,0.059894872547190815,-1.7411245422148223,0.00815619587466541,0.6641221374045801
0.030000000000000023,-0.040000000000000015,720.0,1.0,0.0,0.2579805631478086,0.39280426856650863,0.029752616576592148,8.166246322145138,0.00561375235025517,0.3893129770992366
0.07000000000000003,-0.020000000000000007,720.0,1.0,0.0,0.25162405841628627,0.32451464006492947,0.025479189076593155,4.372745369578242,0.004840182648401827,0.2290076335877863
0.06000000000000001,-0.010000000000000005,240.0,1.0,0.0,0.2501657383346525,0.4301676957050301,0.05155862564159716,2.117737033016176,0.007399762306874334,0.5572519083969465
0.07000000000000003,-0.04000000000000001,720.0,1.0,0.0,0.2423676474743852,0.32892933803303787,0.025025902082048614,9.682178144085563,0.004325883201153569,0.14503816793893132
0.010000000000000007,-0.020000000000000014,720.0,1.0,0.0,0.23889224860162678,0.42364565272423227,0.037007210192109646,4.936106203259259,0.007228213348877877,0.7175572519083969
0.06999999999999997,-0.010000000000000005,240.0,1.0,0.0,0.2383223353505748,0.4104866903562997,0.04755856059460532,2.4718824707698714,0.0067656012176560126,0.4580152671755725
0.02000000000000001,-0.04999999999999993,180.0,1.0,0.0,0.2313219983912742,0.530665741929885,0.06916055424971998,1.9339694066308901,0.007995624048706242,0.549618320610687
0.02999999999999998,-0.04000000000000002,180.0,1.0,0.0,0.2287016462175086,0.4998823821276165,0.0639369254402866,-0.4576160347998486,0.007761181713153984,0.633587786259542
0.010000000000000007,-0.04000000000000003,240.0,1.0,0.0,0.22776100121642773,0.5222903392438067,0.06539415420638958,2.2088912941168766,0.008738065587380656,0.6717557251908397
0.029999999999999926,-0.010000000000000007,180.0,1.0,0.0,0.22613142334330183,0.5327474222417249,0.07197455043617218,-0.14183498542912512,0.010366064233912738,0.9083969465648855
0.03000000000000002,-0.050000000000000024,720.0,1.0,0.0,0.22089596326482652,0.42756016247247114,0.029809903291517868,6.125673584174349,0.005046863734679163,0.29007633587786263
0.03000000000000002,-0.07000000000000005,720.0,1.0,0.0,0.21300643913406478,0.4532306619846105,0.0284139008560448,3.6234833405997002,0.004616945712836124,0.20610687022900764
0.06999999999999998,-0.03000000000000002,240.0,1.0,0.0,0.18185888597164512,0.3851274082164725,0.04462211774666532,16.764288140212873,0.005947488584474885,0.30534351145038163
0.03000000000000002,-0.04999999999999994,180.0,1.0,0.0,0.17369108987678494,0.5103607745440607,0.0662228477414861,8.699935642938312,0.007413376309427881,0.5190839694656488
0.010000000000000005,-0.029999999999999992,720.0,1.0,0.0,0.1651263126871143,0.43240078209709265,0.03597914211275558,6.865341154541832,0.006831752722163684,0.5954198473282443
0.020000000000000004,-0.08000000000000002,720.0,1.0,0.0,0.1529907296366358,0.5408525405980439,0.036265425651575894,4.493234035149971,0.0052054794520547945,0.19083969465648853
0.07000000000000003,-0.07000000000000003,240.0,1.0,0.0,0.14972293268818251,0.41611426439849264,0.04590136104732463,29.356612749780624,0.004726027397260275,0.15267175572519087
0.07,-0.040000000000000015,240.0,1.0,0.0,0.1374084065667972,0.37907030296323646,0.04364323677621705,17.10717022183424,0.005753424657534246,0.26717557251908397
0.04000000000000002,-0.04000000000000002,720.0,1.0,0.0,0.13690003016736088,0.37672727233191283,0.030171511881393,11.335045232222933,0.005414220482713632,0.32061068702290074
0.020000000000000014,-0.02999999999999996,360.0,1.0,0.0,0.13528435183157705,0.4730751680137578,0.05494594202099572,-1.9196678299460612,0.008190032060623725,0.7175572519083969
0.02000000000000001,-0.030000000000000013,720.0,1.0,0.0,0.13402465696389487,0.4199562457004226,0.035882028038744816,4.974280766778183,0.006634050880626224,0.5343511450381679
0.010000000000000002,-0.08000000000000002,720.0,1.0,0.0,0.1150527793834491,0.5300559182903147,0.03609605036346121,2.955537617188206,0.005163329820864067,0.1984732824427481
0.04000000000000001,-0.06000000000000004,720.0,1.0,0.0,0.11472155333486972,0.3852872236361838,0.02803641265387312,7.288380458833497,0.004414003044140031,0.20610687022900764
0.02000000000000001,-0.06999999999999995,60.0,1.0,0.0,0.11118257504432041,0.6166133205642829,0.08656742588657483,-20.232892132802345,0.007911539354539122,0.45038167938931295
0.04999999999999991,-0.010000000000000007,240.0,1.0,0.0,0.09706419338250982,0.4619837999590727,0.05765568860221558,-0.3889500368838771,0.008049272592120635,0.6564885496183206
0.04000000000000003,-0.010000000000000007,240.0,1.0,0.0,0.09512246222939758,0.4633063310888911,0.05830199586974358,-1.0847879403544947,0.008375861760229208,0.7786259541984732
0.07000000000000005,-0.05000000000000002,240.0,1.0,0.0,0.0833532757229867,0.3998545390871201,0.045182372954194194,25.70297100192404,0.005462540165736512,0.20610687022900764
0.06000000000000004,-0.07000000000000005,240.0,1.0,0.0,0.0813843375603596,0.4294019130830338,0.049043122240268446,23.77224249350377,0.005233579206181945,0.1984732824427481
0.040000000000000015,-0.050000000000000024,720.0,1.0,0.0,0.07962487886960351,0.40627446881997137,0.030390457222762103,9.655116941781193,0.004748858447488584,0.2290076335877863
0.010000000000000007,-0.029999999999999943,180.0,1.0,0.0,0.0793601012336862,0.5324329108037911,0.0714429042376119,-2.0123033257186855,0.009792582062548459,0.8091603053435115
0.029999999999999992,-0.04000000000000002,360.0,1.0,0.0,0.07747418657896635,0.4690894063759573,0.052445740070947926,-0.044333772861334456,0.007402528977871443,0.5954198473282443
0.029999999999999975,-0.029999999999999975,360.0,1.0,0.0,0.07017416440063295,0.462322236057935,0.05302564984748143,-2.513572879169203,0.007645747053201657,0.6564885496183206
0.04000000000000002,-0.02999999999999999,240.0,1.0,0.0,0.06813057196135996,0.41908839866391445,0.05092602762515178,5.632188648885978,0.007011155424541935,0.6030534351145038
0.06999999999999997,-0.010000000000000005,360.0,1.0,0.0,0.05791417697863732,0.4000665805056491,0.045743344404515864,-4.339210591566533,0.006324200913242008,0.4580152671755725
0.029999999999999992,-0.04000000000000002,240.0,1.0,0.0,0.05676710802503837,0.47404881735051557,0.05768803885334755,0.26175417800056966,0.0073937478047067075,0.5954198473282443
0.02000000000000001,-0.05000000000000001,720.0,1.0,0.0,0.05357849703408163,0.4541708007192799,0.036208068441526436,4.404063388744287,0.0058617394074546025,0.3282442748091603
0.06999999999999995,-0.02000000000000001,240.0,1.0,0.0,0.0496418255076973,0.38701316794889756,0.04571747566750529,9.86739378071003,0.006375131717597469,0.3969465648854962
0.07000000000000003,-0.08,240.0,1.0,0.0,0.04913323748212953,0.4302827480900199,0.05008151450176133,42.86827484127452,0.004870624048706241,0.1145038167938931
0.02000000000000001,-0.04000000000000002,360.0,1.0,0.0,0.04177082866903126,0.47891217243112905,0.054853123960273725,-2.3259482326944663,0.007800161160354553,0.6488549618320612
0.010000000000000007,-0.029999999999999947,240.0,1.0,0.0,0.03537871600882969,0.5122975443940351,0.06840699563623176,-3.615045156625879,0.009265416500421156,0.7862595419847328
0.020000000000000014,-0.010000000000000007,60.0,1.0,0.0,0.03494221290622357,0.6283267452166986,0.09270922541998833,-0.8651475835985611,0.013889181594661048,0.9923664122137404
0.030000000000000023,-0.06999999999999994,60.0,1.0,0.0,0.018368525259157803,0.6042469019138766,0.08668341973696837,-1.365229787478502,0.007599478147423353,0.4274809160305344
0.04000000000000003,-0.020000000000000014,240.0,1.0,0.0,0.017899204890275633,0.42638510618350267,0.05305281288563072,2.4599390910608023,0.007757800608828007,0.732824427480916
0.07000000000000005,-0.06000000000000003,240.0,1.0,0.0,0.01701314917461616,0.4127839195912479,0.04765239268968077,26.163877005018293,0.005534246575342466,0.19083969465648853
0.029999999999999933,-0.010000000000000007,360.0,1.0,0.0,0.007986339038722035,0.4855842630851105,0.058598006669844466,1.1138081294171827,0.008946538974421138,0.8625954198473282
0.060000000000000046,-0.04000000000000002,240.0,1.0,0.0,0.00016952774015216443,0.37999506188418763,0.046236389198090914,10.169711413976719,0.0062499999999999995,0.36641221374045807
0.029999999999999933,-0.010000000000000007,240.0,1.0,0.0,-0.0060845552211914455,0.5166413905403208,0.0663013208725219,-2.419656693125703,0.009797324361131138,0.8702290076335878
0.060000000000000046,-0.030000000000000023,240.0,1.0,0.0,-0.015712130904234844,0.3877355939241115,0.048480661153586214,10.038914247281767,0.0064530024984922885,0.40458015267175573
0.02000000000000001,-0.04000000000000002,240.0,1.0,0.0,-0.017772223311140145,0.4973317637340031,0.062051588970772696,-0.41808176544528647,0.008122481869460112,0.6488549618320612
0.06000000000000003,-0.08000000000000002,240.0,1.0,0.0,-0.01837484954374416,0.42458867318269744,0.05100964704089443,13.051160378763987,0.004794520547945207,0.15267175572519087
0.020000000000000007,-0.06000000000000004,720.0,1.0,0.0,-0.022360122417992734,0.46815470387757113,0.03779877941441991,2.1786674510012247,0.005695746214852199,0.29007633587786263
0.010000000000000007,-0.029999999999999957,360.0,1.0,0.0,-0.025438492832832504,0.5086833359644819,0.05899143704781654,-1.2021390843713784,0.008861301369863012,0.732824427480916
0.010000000000000007,-0.010000000000000007,60.0,1.0,0.0,-0.02583030902700245,0.6494314165820032,0.0984252906669491,-0.5023547560868493,0.015477186378054305,1.0
0.06000000000000004,-0.050000000000000024,240.0,1.0,0.0,-0.028763126167799358,0.4058265668795239,0.04732505397797578,19.8817693141484,0.005859969558599695,0.2748091603053435
0.010000000000000004,-0.08000000000000003,180.0,1.0,0.0,-0.03327965376300959,0.6036627294141775,0.08189778856404684,-12.954700095158493,0.007543258832011536,0.29007633587786263
0.04000000000000001,-0.07000000000000005,720.0,1.0,0.0,-0.04071808376555022,0.4198122083499707,0.031854219050085925,-5.188080039330479,0.0044209215442092146,0.16793893129770987
0.020000000000000007,-0.08000000000000003,60.0,1.0,0.0,-0.04666347271063581,0.6138192966768922,0.08667012899986498,-31.46048929722115,0.007378995433789953,0.38167938931297707
0.010000000000000005,-0.049999999999999996,720.0,1.0,0.0,-0.04763663407182639,0.45275521593828055,0.037187087278190326,4.7237824546177345,0.006091518507723693,0.3587786259541985
0.010000000000000007,-0.049999999999999906,60.0,1.0,0.0,-0.05817504819127861,0.5698755743894329,0.07966680291266193,-11.621562605142847,0.009426820475847149,0.7251908396946565
0.010000000000000005,-0.06000000000000004,720.0,1.0,0.0,-0.06022943246220258,0.46179931457838413,0.037997740230473614,1.7769719424816786,0.005890410958904109,0.30534351145038163
0.06000000000000004,-0.06000000000000004,240.0,1.0,0.0,-0.06912887985960889,0.4145079556164631,0.04883367232641367,19.87296855449426,0.005750570776255706,0.2442748091603053
0.02999999999999996,-0.02999999999999996,180.0,1.0,0.0,-0.07005930892898182,0.4994455859131388,0.06698298910647159,-2.402431151640045,0.008480630431580495,0.7099236641221374
0.04000000000000001,-0.08000000000000002,720.0,1.0,0.0,-0.07322241178041441,0.45579829889542445,0.03395329681730158,-3.4214743242523102,0.004490106544901065,0.13740458015267176
0.02000000000000001,-0.06999999999999997,180.0,1.0,0.0,-0.07403878713579223,0.5566151087313934,0.07605743085484587,-2.972038156441459,0.007381229962110174,0.3587786259541985
0.06999999999999997,-0.010000000000000005,180.0,1.0,0.0,-0.07518523699289648,0.4526812761141326,0.06059148291164722,5.67701721495602,0.00742377375165709,0.4732824427480916
0.07000000000000003,-0.07000000000000003,360.0,1.0,0.0,-0.08698591027730586,0.39929942841864446,0.043596252422664246,4.474491013387083,0.004955680902497986,0.1297709923664122
0.0499999999999999,-0.010000000000000007,60.0,1.0,0.0,-0.09274601425296547,0.5709663161409134,0.08351286251669238,1.1196196645020702,0.009870201251479789,0.8244274809160306
0.03000000000000002,-0.08000000000000003,360.0,1.0,0.0,-0.1081039956000251,0.5360235230327866,0.059862990536138826,-8.669774822772641,0.0061643835616438354,0.26717557251908397
0.020000000000000014,-0.029999999999999954,180.0,1.0,0.0,-0.11017641003309686,0.5167718319378247,0.0700179029157199,-3.3959179607820613,0.009087449840874496,0.7557251908396947
0.07000000000000003,-0.050000000000000024,360.0,1.0,0.0,-0.11382973321731482,0.3697472764100034,0.03877809024956021,-13.927638890250305,0.00517241379310345,0.22137404580152675
0.010000000000000004,-0.06999999999999995,240.0,1.0,0.0,-0.11728242712329028,0.5768008190541438,0.07442580425877819,3.6677826702002387,0.00790581072611693,0.3893129770992366
0.02000000000000001,-0.04000000000000002,720.0,1.0,0.0,-0.12029540468190292,0.40874826163626427,0.03624061591079931,4.248752675301448,0.0063777228834493585,0.46564885496183206
0.04000000000000002,-0.029999999999999985,180.0,1.0,0.0,-0.12596518751162933,0.4783204981109962,0.06334431070395195,6.762869403965973,0.0076484018264840175,0.6183206106870229
0.020000000000000007,-0.07000000000000003,720.0,1.0,0.0,-0.12609434760477778,0.5177768804264875,0.04130824779670939,-0.6948147891061609,0.0055707762557077635,0.2290076335877863
0.020000000000000014,-0.020000000000000014,180.0,1.0,0.0,-0.12652366706514806,0.5194190929649152,0.0695323777576424,-0.3558878855955154,0.009931506849315066,0.8778625954198473
0.06000000000000004,-0.02000000000000001,240.0,1.0,0.0,-0.13402408949451267,0.39591429949453194,0.0497785340075464,4.848966757710241,0.007097770615095351,0.5190839694656488
0.030000000000000023,-0.06999999999999997,180.0,1.0,0.0,-0.13507968366173292,0.5488522884227046,0.07579035976972362,1.78525784836582,0.006993911719939119,0.3435114503816794
0.07000000000000003,-0.07999999999999999,360.0,1.0,0.0,-0.13507998968997031,0.44245974068188415,0.04615834587646549,5.107097148094768,0.005234833659491193,0.10687022900763354
0.010000000000000005,-0.04999999999999993,240.0,1.0,0.0,-0.13794851709369638,0.5389728243318698,0.07020718383707863,2.8332969937079957,0.008302784744999679,0.5419847328244275
0.07000000000000003,-0.06000000000000003,360.0,1.0,0.0,-0.1419854376205252,0.3552036768960976,0.039072030018228454,-13.977417648558891,0.004729288975864318,0.16030534351145043
0.03000000000000002,-0.08000000000000003,180.0,1.0,0.0,-0.14595422516865741,0.5532931236898573,0.0741504721596597,-4.467351768061211,0.00640220700152207,0.2748091603053435
0.06999999999999998,-0.03000000000000002,360.0,1.0,0.0,-0.15365326742892782,0.37962994891093654,0.04299122364117909,-9.784219934701571,0.005702054794520548,0.30534351145038163
0.04000000000000003,-0.010000000000000007,180.0,1.0,0.0,-0.15542938767882974,0.5078446945688302,0.06797367368818827,-0.14826547271982202,0.009135681669928241,0.8015267175572519
0.010000000000000005,-0.060000000000000046,180.0,1.0,0.0,-0.16307247571236477,0.5667966657471033,0.07875553917865956,-1.999480801246402,0.008167808219178084,0.4580152671755725
0.04000000000000002,-0.04000000000000002,240.0,1.0,0.0,-0.16435356903246312,0.4089494826150203,0.05088487113130164,8.243039884337017,0.006399125345681396,0.5419847328244275
0.010000000000000005,-0.04000000000000002,720.0,1.0,0.0,-0.17614125649568171,0.4278783399369695,0.03787625133097518,5.119611778900866,0.006659641728134879,0.4961832061068703
0.010000000000000005,-0.08000000000000004,240.0,1.0,0.0,-0.17808335785395313,0.5479810068026117,0.07159732293705885,-10.362506309933798,0.006647552299033664,0.3282442748091603
0.029999999999999936,-0.020000000000000014,180.0,1.0,0.0,-0.17840303856357642,0.49820850501145447,0.06689442746477958,-0.09033167446303962,0.00910647571606475,0.8396946564885497
0.010000000000000004,-0.07000000000000002,720.0,1.0,0.0,-0.1814758129204037,0.5049881921049563,0.04084878302960274,-1.9155993882157452,0.0056506849315068495,0.2442748091603053
0.060000000000000026,-0.010000000000000005,360.0,1.0,0.0,-0.20382537582806004,0.41644784952417585,0.050804040495919404,0.4904696759045664,0.006810176125244617,0.5343511450381679
0.050000000000000024,-0.07,240.0,1.0,0.0,-0.21594700375206982,0.4336993208894807,0.054011617855471726,20.660261371925543,0.005358581788879935,0.2595419847328244
0.020000000000000007,-0.08000000000000003,180.0,1.0,0.0,-0.21690418248396204,0.561961688862277,0.07776954715330624,-10.246117367386523,0.006903388608507571,0.29007633587786263
0.02999999999999995,-0.020000000000000014,360.0,1.0,0.0,-0.22170467290963014,0.4712243474124273,0.05549960608827662,-0.7165233821753142,0.008363013698630135,0.7633587786259541
0.06000000000000003,-0.07000000000000005,360.0,1.0,0.0,-0.22394137272599018,0.3979148573098076,0.045102087835437246,-17.196978147639197,0.004763387297633872,0.16793893129770987
0.07000000000000003,-0.07000000000000003,180.0,1.0,0.0,-0.22612371023885167,0.41628292923123167,0.05890283379130311,-1.4562018251344042,0.0052451333813987025,0.14503816793893132
0.030000000000000023,-0.06999999999999997,360.0,1.0,0.0,-0.2273685835405255,0.5128206460761714,0.060956491175036695,-4.136872747328722,0.006382316313823161,0.33587786259541985
0.06999999999999995,-0.020000000000000007,360.0,1.0,0.0,-0.2311350147015575,0.37945198548965287,0.04226333977896446,-8.440682916136797,0.006068493150684933,0.38167938931297707
0.049999999999999926,-0.02000000000000001,240.0,1.0,0.0,-0.23113531370366724,0.4329784025369884,0.05549929899039573,3.323563150031263,0.007851509221372236,0.5877862595419847
0.049999999999999954,-0.030000000000000023,240.0,1.0,0.0,-0.23137799565842565,0.4296123966543842,0.0552464435435138,6.1431500155410985,0.007239652378848136,0.4732824427480916
0.06,-0.010000000000000005,180.0,1.0,0.0,-0.23413909759576912,0.4705073932830668,0.0638270431028165,2.243859808602183,0.008115537130497478,0.5801526717557253
0.029999999999999943,-0.020000000000000014,240.0,1.0,0.0,-0.2359926640493648,0.4845867339094928,0.062012089571982724,-3.075785098949966,0.008779184974584306,0.8091603053435115
0.060000000000000046,-0.04999999999999996,60.0,1.0,0.0,-0.23891421485434886,0.5361033980492595,0.075864958821933,-2.809371521213094,0.006897380437394857,0.43511450381679384
0.060000000000000026,-0.08000000000000002,360.0,1.0,0.0,-0.2506221520653185,0.4246637822861266,0.046775563924843534,-21.013590299499494,0.00471841704718417,0.13740458015267176
0.010000000000000007,-0.010000000000000007,360.0,1.0,0.0,-0.2528239588554878,0.5412257441531405,0.06784469398126843,-1.4795431521351734,0.011111111111111115,0.9618320610687023
0.02000000000000001,-0.04999999999999994,360.0,1.0,0.0,-0.2602594380664128,0.49267871061964696,0.05893684319470837,-0.6366497889630339,0.00765336509827278,0.5267175572519084
0.04999999999999996,-0.04000000000000002,240.0,1.0,0.0,-0.2605903798934408,0.40828969920744834,0.0520903118011402,7.363725747123511,0.006649042698069376,0.43511450381679384
0.010000000000000007,-0.04000000000000003,360.0,1.0,0.0,-0.2646800223212194,0.511850385234155,0.0585019026050881,-2.182637935209214,0.008474036317298504,0.6564885496183206
0.010000000000000005,-0.05999999999999997,60.0,1.0,0.0,-0.2674820098661808,0.5853943100302608,0.08341935254930705,-21.042018587180433,0.009023902136535316,0.6183206106870229
0.06000000000000004,-0.06000000000000004,360.0,1.0,0.0,-0.2689766948989404,0.3787100664280817,0.043338971160259775,-8.251851806869277,0.004916829745596868,0.2137404580152672
0.06999999999999999,-0.040000000000000015,360.0,1.0,0.0,-0.2697613393842055,0.39651648984495225,0.045890344679132354,-9.532226584391987,0.005942243613476491,0.2824427480916031
0.06000000000000004,-0.050000000000000024,360.0,1.0,0.0,-0.27519022947820865,0.4000043291412927,0.04336200310075648,-3.0718676125060944,0.005499021526418786,0.26717557251908397
0.049999999999999996,-0.049999999999999996,240.0,1.0,0.0,-0.28600072920806296,0.4150833159195855,0.05151402072757856,16.2869391429185,0.006075044669446099,0.35114503816793896
0.06000000000000004,-0.07,60.0,1.0,0.0,-0.28992067000455857,0.6137610153955491,0.09227150454992891,-6.6750580976916725,0.006956947162426614,0.26717557251908397
0.020000000000000014,-0.020000000000000014,360.0,1.0,0.0,-0.2933059244769528,0.4894252153866564,0.05946121588634491,-0.46123752467647283,0.009151445966514458,0.8244274809160306
0.04000000000000002,-0.04999999999999996,180.0,1.0,0.0,-0.2953476903897355,0.4874457500962521,0.06440001346702073,8.214839250948323,0.006710006965405157,0.45038167938931295
0.059999999999999915,-0.010000000000000007,60.0,1.0,0.0,-0.29898140683227303,0.5437786219533985,0.07957481288632748,2.3847885273720664,0.008946476486371977,0.7404580152671756
0.05000000000000001,-0.06999999999999998,60.0,1.0,0.0,-0.2992731547534941,0.6255863348083702,0.09317883308232171,-4.797391061826061,0.007015111980865402,0.32061068702290074
0.030000000000000023,-0.049999999999999954,240.0,1.0,0.0,-0.3061495789857263,0.489674216076896,0.061970682755405994,3.2785619668464467,0.0070334364413021065,0.4732824427480916
0.02000000000000001,-0.060000000000000046,180.0,1.0,0.0,-0.311845611346432,0.5311889361068818,0.07576713871731072,-4.492318641553663,0.007551960321209261,0.4427480916030534
0.04000000000000002,-0.06999999999999999,240.0,1.0,0.0,-0.3151375520509078,0.46733891009001965,0.057520262376548725,16.81905755457869,0.005725324903407094,0.2977099236641222
0.030000000000000023,-0.06999999999999997,240.0,1.0,0.0,-0.32092193255941637,0.5329059562232581,0.06573739280811124,9.189582606121153,0.006757990867579909,0.3435114503816794
0.04000000000000003,-0.020000000000000014,180.0,1.0,0.0,-0.3213271672105642,0.490573227485367,0.06551533883517567,1.3268797440653715,0.008294881038211964,0.7251908396946565
0.060000000000000046,-0.030000000000000023,360.0,1.0,0.0,-0.3308146618419877,0.39395139220319647,0.0455392609320713,-5.324705835959986,0.006000000000000002,0.38167938931297707
0.060000000000000046,-0.04000000000000002,360.0,1.0,0.0,-0.33781992550931994,0.4115338876992218,0.046828183406924455,-1.1362450363266166,0.006057838660578387,0.3435114503816794
0.05000000000000001,-0.06000000000000004,240.0,1.0,0.0,-0.3404663785958488,0.42227582741548014,0.05292602640275969,16.962816831544757,0.005946944988040877,0.32061068702290074
0.07000000000000003,-0.08,180.0,1.0,0.0,-0.34566030230269484,0.45363893437543024,0.06840548236384866,-4.281955373055836,0.00567208904109589,0.12213740458015265
0.04000000000000002,-0.04999999999999997,240.0,1.0,0.0,-0.34910934403277694,0.4202321954968475,0.051606557700456676,14.301327392553697,0.005968688845401174,0.4274809160305344
0.06000000000000003,-0.07000000000000005,180.0,1.0,0.0,-0.35138441892589933,0.42662649302114053,0.05989278835105356,1.4182947698540673,0.005251141552511416,0.18320610687022898
0.04000000000000002,-0.04000000000000002,180.0,1.0,0.0,-0.3538855791997848,0.4776996512299312,0.06175506057941265,5.029361907583472,0.006975980484143367,0.5572519083969465
0.020000000000000014,-0.010000000000000007,360.0,1.0,0.0,-0.35900864063971194,0.5032656283522794,0.06238005026821386,-0.6036664820648485,0.010043835616438358,0.9541984732824428
0.03000000000000002,-0.08000000000000003,240.0,1.0,0.0,-0.3609070949201465,0.5093955678313281,0.06384158865925817,-2.0076590157445553,0.005675146771037182,0.26717557251908397
0.020000000000000007,-0.08000000000000003,360.0,1.0,0.0,-0.3656137913372684,0.5567095041301302,0.06824531385927203,-17.126781272355316,0.006921413121845711,0.29007633587786263
0.010000000000000007,-0.020000000000000014,180.0,1.0,0.0,-0.36988103738506506,0.5403518576746783,0.07315085766390053,-0.4259857564196591,0.010987442922374429,0.916030534351145
0.050000000000000024,-0.07000000000000003,360.0,1.0,0.0,-0.38012343985151376,0.3941744454440546,0.04621626672587987,-14.43496233136957,0.00452054794520548,0.2290076335877863
0.030000000000000023,-0.060000000000000046,180.0,1.0,0.0,-0.38247232092677147,0.5218467312412383,0.07451389063725453,-1.1836571470037685,0.006998754669987548,0.41984732824427484
0.030000000000000023,-0.060000000000000046,360.0,1.0,0.0,-0.38342426891888987,0.47625760982270854,0.057388954542685756,-0.8335408464323739,0.0062640099626401,0.41984732824427484
0.030000000000000023,-0.08000000000000004,60.0,1.0,0.0,-0.38749946949390124,0.6257060174201954,0.09274012831402274,2.6625649410759142,0.007392793329362716,0.35114503816793896
0.07000000000000002,-0.02000000000000001,60.0,1.0,0.0,-0.3945141089920189,0.48233349745622706,0.0714570861511817,-3.2542461350623397,0.007231354642313546,0.5725190839694656
0.06000000000000003,-0.08000000000000002,180.0,1.0,0.0,-0.39744415538131206,0.4541407975832962,0.06769796016447652,-5.562977881040049,0.005371304974765681,0.14503816793893132
0.050000000000000024,-0.06000000000000004,360.0,1.0,0.0,-0.40313068956581644,0.3853016833405546,0.045405909205906175,-8.391405911485709,0.004908675799086756,0.2748091603053435
0.05000000000000002,-0.08000000000000003,360.0,1.0,0.0,-0.40697959130818934,0.43984023392590926,0.05074643118376376,-22.15463998791691,0.004623287671232878,0.18320610687022898
0.040000000000000015,-0.06999999999999995,60.0,1.0,0.0,-0.41217792141303666,0.6029747677794429,0.09098003303166381,3.623631163204206,0.007017190437818961,0.3893129770992366
0.030000000000000023,-0.060000000000000046,240.0,1.0,0.0,-0.4143027373268192,0.49539500297390676,0.06171945426937363,9.745630323553973,0.006833293278859247,0.43511450381679384
0.04000000000000002,-0.04000000000000002,360.0,1.0,0.0,-0.4219618774863222,0.4478408938487831,0.05045040499646095,-1.398704931011775,0.006644857902269475,0.5114503816793894
0.04999999999999992,-0.02000000000000001,180.0,1.0,0.0,-0.42246351476339583,0.4716726438920952,0.0634345756773079,0.34894256670331897,0.007944359884999155,0.6183206106870229
0.06999999999999997,-0.04000000000000002,60.0,1.0,0.0,-0.42321010441357115,0.4890755682506837,0.0737052113898286,2.0775548158371397,0.006541095890410958,0.4580152671755725
0.010000000000000007,-0.020000000000000014,360.0,1.0,0.0,-0.42780154683311167,0.5249501466165328,0.06505377151525042,-1.5254024525098164,0.0099626400996264,0.8396946564885497
0.04999999999999994,-0.04999999999999994,60.0,1.0,0.0,-0.43208248759721474,0.551607419223179,0.0783769246005847,-6.971640223653015,0.007219454822194546,0.5038167938931297
0.050000000000000024,-0.08000000000000003,240.0,1.0,0.0,-0.4333315607859882,0.43694257349542825,0.05720897386136085,4.45522545068989,0.004908675799086758,0.2137404580152672
0.060000000000000046,-0.060000000000000046,60.0,1.0,0.0,-0.43457516946308916,0.5727350899559744,0.08464094287902145,-5.777929782728464,0.007126919883769197,0.33587786259541985
0.040000000000000015,-0.060000000000000046,240.0,1.0,0.0,-0.43888690891074666,0.4309164699851107,0.05295082164718183,15.273272893948793,0.0058465395290536295,0.3893129770992366
0.02000000000000001,-0.08000000000000004,240.0,1.0,0.0,-0.43933678944554744,0.5329176010358835,0.07194795555555392,-15.009968387379057,0.006529680365296805,0.30534351145038163
0.04000000000000002,-0.030000000000000006,360.0,1.0,0.0,-0.44715026692238996,0.4346061466552439,0.05069424030425197,-1.9001182287000973,0.006811784574967162,0.5572519083969465
0.030000000000000023,-0.04999999999999995,360.0,1.0,0.0,-0.4471993655142694,0.47368398464477995,0.05689903357769326,2.5984404967688266,0.0070495258166491034,0.4961832061068703
0.040000000000000015,-0.08000000000000003,180.0,1.0,0.0,-0.44782905886338154,0.5131346676315942,0.06833510406626096,-7.291970854020833,0.005810870525850639,0.23664122137404575
0.04999999999999991,-0.010000000000000007,180.0,1.0,0.0,-0.45291112053216565,0.4765092703707222,0.06545515179317515,-1.4906688477670045,0.00850143007677254,0.6946564885496183
0.02000000000000001,-0.06999999999999997,360.0,1.0,0.0,-0.4603590910722948,0.5387303302051001,0.06913484499106723,-9.305945359991327,0.007102441929720069,0.35114503816793896
0.04000000000000002,-0.06999999999999999,180.0,1.0,0.0,-0.4653785918904941,0.5140567710987377,0.07098149290228939,1.8447549624667903,0.006331225851773796,0.2977099236641222
0.02000000000000001,-0.04999999999999994,240.0,1.0,0.0,-0.4764209084700091,0.5127952905633412,0.06809683771692909,1.0199250214988285,0.007762557077625571,0.5267175572519084
0.06999999999999995,-0.02000000000000001,180.0,1.0,0.0,-0.47709489970093216,0.42801962831662255,0.05965031139545472,1.5868740438922861,0.006818181818181818,0.41984732824427484
0.02000000000000001,-0.06,60.0,1.0,0.0,-0.4796593101070562,0.5771337185880366,0.0824058385027892,-32.26789639832354,0.008411439557798607,0.5801526717557253
0.05,-0.05,360.0,1.0,0.0,-0.4831671141630641,0.4035898924744622,0.0473007684750214,-3.919211989598455,0.0056662515566625144,0.33587786259541985
0.04999999999999994,-0.03000000000000002,180.0,1.0,0.0,-0.48919063872047697,0.46107614709555894,0.06491808122559131,-0.5715368337523257,0.007398267526188558,0.5190839694656488
0.040000000000000015,-0.08000000000000003,360.0,1.0,0.0,-0.48971078623593617,0.5438400949215269,0.0618018366166336,-21.234945186362037,0.005776255707762556,0.2290076335877863
0.010000000000000005,-0.060000000000000046,240.0,1.0,0.0,-0.49421743017333564,0.5415796816421894,0.071996425620972,5.887476746271593,0.008001404987706356,0.4961832061068703
0.04000000000000003,-0.010000000000000007,360.0,1.0,0.0,-0.4963910024619136,0.4558714455309727,0.05558549957914479,-1.3690455310814706,0.007862734134749791,0.7480916030534351
0.07000000000000005,-0.06000000000000003,180.0,1.0,0.0,-0.4984298795422578,0.4259722408915518,0.06665169016322309,-2.672268974045004,0.00577521793275218,0.16793893129770987
0.040000000000000015,-0.08000000000000003,240.0,1.0,0.0,-0.5047917262774628,0.4434758718223287,0.05602895183709362,4.380329844473888,0.005136986301369862,0.2442748091603053
0.06000000000000001,-0.04000000000000002,60.0,1.0,0.0,-0.5051656126400608,0.4899915591597412,0.0724483410032022,-5.620959412826762,0.006869644085819727,0.5572519083969465
0.07000000000000002,-0.050000000000000024,180.0,1.0,0.0,-0.5053427145567525,0.42163739685241186,0.06134339063760829,4.23025384221229,0.006185139061851391,0.25190839694656486
0.02000000000000001,-0.06999999999999995,240.0,1.0,0.0,-0.5120803096505344,0.5681638978685334,0.07526919395476903,-0.4376503264621365,0.007632093933463797,0.3740458015267175
0.04999999999999999,-0.04999999999999999,180.0,1.0,0.0,-0.5151954967231345,0.4517771336961116,0.06185428617771146,-0.010076747539260576,0.006269220016773832,0.3740458015267175
0.06000000000000004,-0.08000000000000003,60.0,1.0,0.0,-0.5187134781242354,0.6147908731370225,0.09449983258360756,-1.0098611783590323,0.006518658478979688,0.22137404580152675
0.04000000000000003,-0.020000000000000014,360.0,1.0,0.0,-0.5332640134790498,0.4459740317167218,0.05312740390411586,-1.3517615751635235,0.00755813953488372,0.6564885496183206
0.010000000000000007,-0.04000000000000003,60.0,1.0,0.0,-0.537002156631035,0.5731909496057438,0.08379493710333528,-5.794838747222412,0.01055728518057285,0.8396946564885497
0.049999999999999975,-0.060000000000000046,60.0,1.0,0.0,-0.5390492450880393,0.5869268136419926,0.08620349761246794,-8.89833918024679,0.00721153846153846,0.3969465648854962
0.020000000000000014,-0.04999999999999991,60.0,1.0,0.0,-0.5410582656198659,0.5598269257474616,0.07903171941844772,-15.63072414759082,0.00878623188405797,0.7022900763358779
0.060000000000000046,-0.030000000000000023,180.0,1.0,0.0,-0.547101171665998,0.4375486314197318,0.06347970077705602,3.7593043150478485,0.006989970645792565,0.4274809160305344
0.050000000000000024,-0.08000000000000003,60.0,1.0,0.0,-0.5522529299981802,0.6319661694196612,0.09656893309622698,-2.869619934984083,0.006578604044357468,0.26717557251908397
0.06999999999999997,-0.030000000000000023,180.0,1.0,0.0,-0.5685903847817482,0.42447330038551334,0.06202947324866829,6.3855149284633015,0.006514294222751636,0.35114503816793896
0.06999999999999997,-0.04999999999999999,60.0,1.0,0.0,-0.5709401675944523,0.5339779309950806,0.08111614476344577,6.159834958503155,0.006701864535768646,0.36641221374045807
0.010000000000000004,-0.08000000000000003,360.0,1.0,0.0,-0.5723142532343646,0.603004822231825,0.07614068538340497,-13.20644322478303,0.007534246575342464,0.26717557251908397
0.02000000000000001,-0.060000000000000046,360.0,1.0,0.0,-0.5778229561873882,0.5010196120133237,0.0645617352427674,-4.26650085616212,0.006991025035427496,0.4427480916030534
0.04999999999999997,-0.04000000000000002,360.0,1.0,0.0,-0.5800788103373687,0.40732119685882123,0.048523967840269286,-4.13966026272893,0.006139921722113505,0.4274809160305344
0.010000000000000007,-0.020000000000000014,240.0,1.0,0.0,-0.5825891685323323,0.5186360279099343,0.07271808616418984,-4.863024791212577,0.010388127853881279,0.916030534351145
0.060000000000000046,-0.02000000000000001,360.0,1.0,0.0,-0.5843529019721325,0.39949315046642,0.048273376317561116,-5.966900194092252,0.0065236918931057715,0.46564885496183206
0.04999999999999992,-0.010000000000000005,360.0,1.0,0.0,-0.5865367633148714,0.42987437799203415,0.054726421991625494,0.09070072742577137,0.007294933157286679,0.633587786259542
0.04000000000000002,-0.06999999999999999,360.0,1.0,0.0,-0.5962521302844177,0.504148898005671,0.06009902225572235,-13.922946691845615,0.005918510713031261,0.2977099236641222
0.07000000000000003,-0.07000000000000003,60.0,1.0,0.0,-0.6126203864288156,0.6048841944845047,0.09952787140229188,8.080723255435133,0.006777016742770165,0.2290076335877863
0.050000000000000024,-0.07000000000000002,180.0,1.0,0.0,-0.6207693527227192,0.4650674166305802,0.06513438828013843,0.8239180948279251,0.00560398505603985,0.25190839694656486
0.04000000000000002,-0.060000000000000046,60.0,1.0,0.0,-0.6245249764149214,0.5533925042786586,0.08270146508257105,-20.51160053885759,0.00711748930927013,0.48091603053435117
0.010000000000000005,-0.06999999999999998,360.0,1.0,0.0,-0.63393538196585,0.5775686821636826,0.07554920063605967,-5.53929327202315,0.0076457470532016545,0.3282442748091603
0.02000000000000001,-0.060000000000000046,240.0,1.0,0.0,-0.636399326492119,0.5190687519736348,0.06809306375413399,4.490763133921545,0.007512842465753426,0.4885496183206107
0.06000000000000004,-0.050000000000000024,180.0,1.0,0.0,-0.6427018486184538,0.42243984451095795,0.060241353891014295,-0.06159096107567201,0.006061643835616437,0.30534351145038163
0.049999999999999954,-0.030000000000000023,360.0,1.0,0.0,-0.6429732002753872,0.3973729076854752,0.048940916399194505,-4.989033123488335,0.006242982259151135,0.46564885496183206
0.06000000000000004,-0.02000000000000001,180.0,1.0,0.0,-0.6459873938306567,0.4419632016437349,0.06151870754628811,0.6006846430185383,0.007408340048348105,0.5190839694656488
0.06000000000000004,-0.06000000000000004,180.0,1.0,0.0,-0.6615588517045269,0.4244635279875619,0.06381211145133353,-7.038397996023725,0.005621162021728862,0.22137404580152675
0.06999999999999999,-0.030000000000000023,60.0,1.0,0.0,-0.670524515653727,0.483946961008598,0.07363124535835833,-0.6584145111248092,0.0069072445989231904,0.5114503816793894
0.04999999999999992,-0.04000000000000002,60.0,1.0,0.0,-0.6707899069434202,0.5126290374860604,0.07480836769220692,-8.004440765186219,0.007337955228867355,0.6259541984732824
0.049999999999999954,-0.04000000000000002,180.0,1.0,0.0,-0.6768976030419216,0.45482198119910466,0.06263687311927327,-4.317024006958428,0.006675275095441278,0.46564885496183206
0.07,-0.06000000000000004,60.0,1.0,0.0,-0.6831742833742503,0.575089681609274,0.0925147247457068,7.578750941204883,0.006944444444444444,0.2748091603053435
0.020000000000000014,-0.020000000000000014,60.0,1.0,0.0,-0.6852071743891429,0.584860009243909,0.08637522401949342,-12.696969604491214,0.011494412889334374,0.9389312977099237
0.04000000000000003,-0.010000000000000007,60.0,1.0,0.0,-0.6855477853037015,0.5704516872205204,0.08604488494862211,-2.220087886945713,0.010595682855956827,0.9236641221374046
0.05000000000000002,-0.08000000000000002,180.0,1.0,0.0,-0.685652495267115,0.491622677310799,0.07132533613691432,-6.449283652642278,0.005466280295047419,0.1984732824427481
0.04000000000000002,-0.060000000000000046,180.0,1.0,0.0,-0.7065011592883925,0.4876633749052837,0.07040169444633841,-10.95025915274544,0.0062999429223744305,0.36641221374045807
0.04000000000000002,-0.04999999999999997,360.0,1.0,0.0,-0.708069565456646,0.4626039903238572,0.05540860289198377,-2.246683492559852,0.006438356164383564,0.41984732824427484
0.010000000000000007,-0.020000000000000014,60.0,1.0,0.0,-0.7281380505449329,0.60059361010722,0.09211892465150313,-0.934205277433735,0.012801441210045662,0.9770992366412213
0.04000000000000002,-0.060000000000000046,360.0,1.0,0.0,-0.742807942486392,0.46784823958622485,0.05679543033825248,-10.67788025149345,0.005921803652968037,0.36641221374045807
0.05000000000000003,-0.06000000000000004,180.0,1.0,0.0,-0.7543989023895529,0.4517733617502117,0.06627397980321802,-4.659374532598431,0.0058394801545486475,0.2977099236641222
0.04000000000000002,-0.049999999999999926,60.0,1.0,0.0,-0.7633582534072276,0.5297982508263814,0.07919354697090265,-17.045283159003727,0.007319107832806462,0.5954198473282443
0.04000000000000002,-0.08000000000000004,60.0,1.0,0.0,-0.7775871176937652,0.5988787941318527,0.09341835104589928,4.623476641812113,0.0065483603154836015,0.33587786259541985
0.060000000000000046,-0.040000000000000015,180.0,1.0,0.0,-0.7877011546118002,0.43652867668045325,0.06305767603325194,-1.0229185137302488,0.0065273972602739715,0.38167938931297707
0.02999999999999992,-0.010000000000000007,60.0,1.0,0.0,-0.8027800847616171,0.6026348449551266,0.09086221817708057,-3.1727195644532613,0.012401005993150685,0.9770992366412213
0.04999999999999993,-0.02000000000000001,360.0,1.0,0.0,-0.8067938723011039,0.41753202401541356,0.052362739623954324,-0.4067031780014883,0.0070229596758634,0.5419847328244275
0.06999999999999999,-0.04000000000000002,180.0,1.0,0.0,-0.8092476411898665,0.4409796056470802,0.06717291223957247,3.337200573179034,0.006603442219880576,0.2977099236641222
0.04999999999999991,-0.029999999999999968,60.0,1.0,0.0,-0.811082728857007,0.5245519198104783,0.07847782556154154,-7.129507390607618,0.007949822995228567,0.6793893129770993
0.07000000000000005,-0.08000000000000002,60.0,1.0,0.0,-0.8285098719929087,0.5817557361758383,0.10080248123753499,6.770653799185478,0.006059360730593607,0.19083969465648853
0.010000000000000005,-0.04999999999999994,360.0,1.0,0.0,-0.8419702417179894,0.5319531808077784,0.06544892855230577,-2.197705154093387,0.008430701047542304,0.5190839694656488
0.05999999999999998,-0.02999999999999999,60.0,1.0,0.0,-0.8642298243334637,0.4974981346077221,0.07562184376781694,-4.686196835640036,0.007434360730593606,0.6106870229007634
0.029999999999999926,-0.020000000000000014,60.0,1.0,0.0,-0.9126160624706314,0.5538845753207939,0.08078092530087737,-6.146029094750213,0.010248499943394088,0.9236641221374046
0.029999999999999975,-0.04999999999999991,60.0,1.0,0.0,-0.9126783553556558,0.5487637642440143,0.08002885494661023,-6.3234552396032635,0.008322836298745601,0.6641221374045801
0.030000000000000016,-0.06000000000000003,60.0,1.0,0.0,-0.9136329391872493,0.5685619548294664,0.08422425266329805,-21.783341189033997,0.007952815829528158,0.5267175572519084
0.049999999999999906,-0.020000000000000014,60.0,1.0,0.0,-0.9623736950602597,0.5357578016258793,0.08126546658415924,-5.750691865145369,0.008595772725132983,0.7404580152671756
0.010000000000000005,-0.060000000000000046,360.0,1.0,0.0,-1.0022753508587514,0.535889062154919,0.07136333234762395,-6.749249324354507,0.007619863013698632,0.4274809160305344
0.010000000000000007,-0.029999999999999933,60.0,1.0,0.0,-1.0993717739175808,0.6015889179109369,0.09359004565615836,-2.961556718345754,0.011832439944411348,0.8778625954198473
0.029999999999999947,-0.04000000000000003,60.0,1.0,0.0,-1.109643286069695,0.5258156092123195,0.07740437010803,-9.314382360012283,0.008626404987706358,0.7938931297709924
0.05999999999999994,-0.020000000000000014,60.0,1.0,0.0,-1.1327450944628576,0.4986062195218638,0.0789034400084222,-4.5517065327184785,0.007865037359900372,0.6717557251908397
0.04000000000000003,-0.04000000000000003,60.0,1.0,0.0,-1.210682194092567,0.5077846101934816,0.07790057157199871,-2.798859554698334,0.007716409210142815,0.7175572519083969
0.02999999999999994,-0.02999999999999994,60.0,1.0,0.0,-1.2844300340944061,0.5498360910693819,0.08315292675244385,-8.821395372429276,0.009453939927108206,0.83206106870229
0.04000000000000003,-0.020000000000000014,60.0,1.0,0.0,-1.3277998404547129,0.5345512510684037,0.08334449501053366,-5.394258690569426,0.00916593355954924,0.83206106870229
0.020000000000000014,-0.029999999999999933,60.0,1.0,0.0,-1.4543874728324797,0.5720293196931188,0.08876768263420778,-15.57330970940839,0.010436618580029899,0.8625954198473282
0.020000000000000014,-0.04000000000000003,60.0,1.0,0.0,-1.5138058856725736,0.5483857638885824,0.08250724674926425,-17.61337139698567,0.009510823608997123,0.8244274809160306
0.04000000000000003,-0.02999999999999995,60.0,1.0,0.0,-1.5547048804530041,0.521645588858139,0.08214387777209872,-3.5045586001081808,0.008400018084000177,0.7709923664122138
